,dose,real_date,extrapolated,vaccinated,interpolated,group,population
0,1,2020-12-27,False,786000,0,all,56286961
432,2,2020-12-27,False,0,0,all,56286961
1,1,2021-01-03,False,1092885,0,all,56286961
433,2,2021-01-03,False,19981,0,all,56286961
864,2_wait,2021-01-03,False,0,0,all,56286961
434,2,2021-01-10,False,374612,1,all,56286961
865,2_wait,2021-01-10,False,19981,0,all,56286961
2,1,2021-01-10,False,1959150,1,all,56286961
3,1,2021-01-11,False,2080279,1,all,56286961
435,2,2021-01-11,False,393924,1,all,56286961
436,2,2021-01-12,False,407293,1,all,56286961
4,1,2021-01-12,False,2254555,1,all,56286961
5,1,2021-01-13,False,2494370,1,all,56286961
437,2,2021-01-13,False,415655,1,all,56286961
438,2,2021-01-14,False,420509,1,all,56286961
6,1,2021-01-14,False,2769163,1,all,56286961
7,1,2021-01-15,False,3090057,1,all,56286961
439,2,2021-01-15,False,424326,1,all,56286961
8,1,2021-01-16,False,3365491,1,all,56286961
440,2,2021-01-16,False,426101,1,all,56286961
866,2_wait,2021-01-17,False,374612,1,all,56286961
441,2,2021-01-17,False,427385,1,all,56286961
9,1,2021-01-17,False,3520055,1,all,56286961
442,2,2021-01-18,False,431135,1,all,56286961
10,1,2021-01-18,False,3687205,1,all,56286961
867,2_wait,2021-01-18,False,393924,1,all,56286961
443,2,2021-01-19,False,434124,1,all,56286961
11,1,2021-01-19,False,3985578,1,all,56286961
868,2_wait,2021-01-19,False,407293,1,all,56286961
869,2_wait,2021-01-20,False,415655,1,all,56286961
444,2,2021-01-20,False,436847,1,all,56286961
12,1,2021-01-20,False,4303729,1,all,56286961
445,2,2021-01-21,False,439181,1,all,56286961
13,1,2021-01-21,False,4661292,1,all,56286961
870,2_wait,2021-01-21,False,420509,1,all,56286961
446,2,2021-01-22,False,440299,1,all,56286961
14,1,2021-01-22,False,5085770,1,all,56286961
871,2_wait,2021-01-22,False,424326,1,all,56286961
872,2_wait,2021-01-23,False,426101,1,all,56286961
447,2,2021-01-23,False,441073,1,all,56286961
15,1,2021-01-23,False,5529100,1,all,56286961
873,2_wait,2021-01-24,False,427385,1,all,56286961
448,2,2021-01-24,False,441683,1,all,56286961
16,1,2021-01-24,False,5727692,1,all,56286961
17,1,2021-01-25,False,5962541,1,all,56286961
874,2_wait,2021-01-25,False,431135,1,all,56286961
449,2,2021-01-25,False,443008,1,all,56286961
875,2_wait,2021-01-26,False,434124,1,all,56286961
450,2,2021-01-26,False,444008,1,all,56286961
18,1,2021-01-26,False,6221848,1,all,56286961
451,2,2021-01-27,False,445098,1,all,56286961
19,1,2021-01-27,False,6473749,1,all,56286961
876,2_wait,2021-01-27,False,436847,1,all,56286961
877,2_wait,2021-01-28,False,439181,1,all,56286961
452,2,2021-01-28,False,446370,1,all,56286961
20,1,2021-01-28,False,6816943,1,all,56286961
878,2_wait,2021-01-29,False,440299,1,all,56286961
453,2,2021-01-29,False,447896,1,all,56286961
21,1,2021-01-29,False,7253302,1,all,56286961
454,2,2021-01-30,False,458148,1,all,56286961
879,2_wait,2021-01-30,False,441073,1,all,56286961
22,1,2021-01-30,False,7792993,1,all,56286961
455,2,2021-01-31,False,460904,1,all,56286961
880,2_wait,2021-01-31,False,441683,1,all,56286961
23,1,2021-01-31,False,8082353,1,all,56286961
456,2,2021-02-01,False,462501,1,all,56286961
881,2_wait,2021-02-01,False,443008,1,all,56286961
24,1,2021-02-01,False,8362866,1,all,56286961
25,1,2021-02-02,False,8663039,1,all,56286961
882,2_wait,2021-02-02,False,444008,1,all,56286961
457,2,2021-02-02,False,463887,1,all,56286961
458,2,2021-02-03,False,466169,1,all,56286961
883,2_wait,2021-02-03,False,445098,1,all,56286961
26,1,2021-02-03,False,9041833,1,all,56286961
884,2_wait,2021-02-04,False,446370,1,all,56286961
27,1,2021-02-04,False,9430259,1,all,56286961
459,2,2021-02-04,False,468780,1,all,56286961
28,1,2021-02-05,False,9831894,1,all,56286961
885,2_wait,2021-02-05,False,447896,1,all,56286961
460,2,2021-02-05,False,470720,1,all,56286961
886,2_wait,2021-02-06,False,458148,1,all,56286961
461,2,2021-02-06,False,471322,1,all,56286961
29,1,2021-02-06,False,10290213,1,all,56286961
30,1,2021-02-07,False,10519727,1,all,56286961
887,2_wait,2021-02-07,False,460904,1,all,56286961
462,2,2021-02-07,False,471634,1,all,56286961
463,2,2021-02-08,False,473053,1,all,56286961
888,2_wait,2021-02-08,False,462501,1,all,56286961
31,1,2021-02-08,False,10771995,1,all,56286961
464,2,2021-02-09,False,475226,1,all,56286961
889,2_wait,2021-02-09,False,463887,1,all,56286961
32,1,2021-02-09,False,11083651,1,all,56286961
465,2,2021-02-10,False,479318,1,all,56286961
890,2_wait,2021-02-10,False,466169,1,all,56286961
33,1,2021-02-10,False,11422504,1,all,56286961
466,2,2021-02-11,False,483964,1,all,56286961
891,2_wait,2021-02-11,False,468780,1,all,56286961
34,1,2021-02-11,False,11809239,1,all,56286961
892,2_wait,2021-02-12,False,470720,1,all,56286961
467,2,2021-02-12,False,487698,1,all,56286961
35,1,2021-02-12,False,12246164,1,all,56286961
893,2_wait,2021-02-13,False,471322,1,all,56286961
468,2,2021-02-13,False,489883,1,all,56286961
36,1,2021-02-13,False,12675661,1,all,56286961
894,2_wait,2021-02-14,False,471634,1,all,56286961
469,2,2021-02-14,False,490720,1,all,56286961
37,1,2021-02-14,False,12862907,1,all,56286961
470,2,2021-02-15,False,492573,1,all,56286961
38,1,2021-02-15,False,13082668,1,all,56286961
895,2_wait,2021-02-15,False,473053,1,all,56286961
39,1,2021-02-16,False,13395335,1,all,56286961
896,2_wait,2021-02-16,False,475226,1,all,56286961
471,2,2021-02-16,False,495703,1,all,56286961
40,1,2021-02-17,False,13817913,1,all,56286961
897,2_wait,2021-02-17,False,479318,1,all,56286961
472,2,2021-02-17,False,500200,1,all,56286961
41,1,2021-02-18,False,14214173,1,all,56286961
473,2,2021-02-18,False,504758,1,all,56286961
898,2_wait,2021-02-18,False,483964,1,all,56286961
474,2,2021-02-19,False,508653,1,all,56286961
42,1,2021-02-19,False,14537975,1,all,56286961
899,2_wait,2021-02-19,False,487698,1,all,56286961
475,2,2021-02-20,False,511086,1,all,56286961
43,1,2021-02-20,False,14844084,1,all,56286961
900,2_wait,2021-02-20,False,489883,1,all,56286961
44,1,2021-02-21,False,14958070,1,all,56286961
901,2_wait,2021-02-21,False,490720,1,all,56286961
476,2,2021-02-21,False,513432,1,all,56286961
902,2_wait,2021-02-22,False,492573,1,all,56286961
477,2,2021-02-22,False,518777,1,all,56286961
45,1,2021-02-22,False,15113155,1,all,56286961
903,2_wait,2021-02-23,False,495703,1,all,56286961
478,2,2021-02-23,False,528357,1,all,56286961
46,1,2021-02-23,False,15398053,1,all,56286961
479,2,2021-02-24,False,542566,1,all,56286961
47,1,2021-02-24,False,15794988,1,all,56286961
904,2_wait,2021-02-24,False,500200,1,all,56286961
48,1,2021-02-25,False,16227101,1,all,56286961
480,2,2021-02-25,False,558735,1,all,56286961
905,2_wait,2021-02-25,False,504758,1,all,56286961
49,1,2021-02-26,False,16679879,1,all,56286961
481,2,2021-02-26,False,574960,1,all,56286961
906,2_wait,2021-02-26,False,508653,1,all,56286961
50,1,2021-02-27,False,17051244,1,all,56286961
482,2,2021-02-27,False,590544,1,all,56286961
907,2_wait,2021-02-27,False,511086,1,all,56286961
908,2_wait,2021-02-28,False,513432,1,all,56286961
483,2,2021-02-28,False,599932,1,all,56286961
51,1,2021-02-28,False,17212800,1,all,56286961
52,1,2021-03-01,False,17373380,1,all,56286961
484,2,2021-03-01,False,612563,1,all,56286961
909,2_wait,2021-03-01,False,518777,1,all,56286961
485,2,2021-03-02,False,640216,1,all,56286961
910,2_wait,2021-03-02,False,528357,1,all,56286961
53,1,2021-03-02,False,17554697,1,all,56286961
911,2_wait,2021-03-03,False,542566,1,all,56286961
486,2,2021-03-03,False,684217,1,all,56286961
54,1,2021-03-03,False,17785697,1,all,56286961
487,2,2021-03-04,False,729262,1,all,56286961
55,1,2021-03-04,False,18106085,1,all,56286961
912,2_wait,2021-03-04,False,558735,1,all,56286961
913,2_wait,2021-03-05,False,574960,1,all,56286961
488,2,2021-03-05,False,766498,1,all,56286961
56,1,2021-03-05,False,18491767,1,all,56286961
57,1,2021-03-06,False,18875385,1,all,56286961
489,2,2021-03-06,False,788185,1,all,56286961
914,2_wait,2021-03-06,False,590544,1,all,56286961
58,1,2021-03-07,False,19015494,1,all,56286961
490,2,2021-03-07,False,797318,1,all,56286961
915,2_wait,2021-03-07,False,599932,1,all,56286961
59,1,2021-03-08,False,19199229,1,all,56286961
491,2,2021-03-08,False,821119,1,all,56286961
916,2_wait,2021-03-08,False,612563,1,all,56286961
917,2_wait,2021-03-09,False,640216,1,all,56286961
492,2,2021-03-09,False,868269,1,all,56286961
60,1,2021-03-09,False,19380357,1,all,56286961
493,2,2021-03-10,False,939230,1,all,56286961
61,1,2021-03-10,False,19587078,1,all,56286961
918,2_wait,2021-03-10,False,684217,1,all,56286961
494,2,2021-03-11,False,1008910,1,all,56286961
62,1,2021-03-11,False,19798471,1,all,56286961
919,2_wait,2021-03-11,False,729262,1,all,56286961
495,2,2021-03-12,False,1076424,1,all,56286961
63,1,2021-03-12,False,20111187,1,all,56286961
920,2_wait,2021-03-12,False,766498,1,all,56286961
64,1,2021-03-13,False,20568817,1,all,56286961
921,2_wait,2021-03-13,False,788185,1,all,56286961
496,2,2021-03-13,False,1115063,1,all,56286961
922,2_wait,2021-03-14,False,797318,1,all,56286961
497,2,2021-03-14,False,1129441,1,all,56286961
65,1,2021-03-14,False,20791835,1,all,56286961
923,2_wait,2021-03-15,False,821119,1,all,56286961
499,2,2021-03-15,True,1161522,0,all,56286961
498,2,2021-03-15,False,1161522,1,all,56286961
67,1,2021-03-15,True,21445893,0,all,56286961
66,1,2021-03-15,False,21122510,1,all,56286961
924,2_wait,2021-03-16,True,868269,1,all,56286961
68,1,2021-03-16,True,21769276,0,all,56286961
500,2,2021-03-16,True,1161522,0,all,56286961
69,1,2021-03-17,True,22092660,0,all,56286961
925,2_wait,2021-03-17,True,939230,1,all,56286961
501,2,2021-03-17,True,1161522,0,all,56286961
70,1,2021-03-18,True,22416043,0,all,56286961
926,2_wait,2021-03-18,True,1008910,1,all,56286961
502,2,2021-03-18,True,1161522,0,all,56286961
927,2_wait,2021-03-19,True,1076424,1,all,56286961
503,2,2021-03-19,True,1161522,0,all,56286961
71,1,2021-03-19,True,22739427,0,all,56286961
504,2,2021-03-20,True,1161522,0,all,56286961
72,1,2021-03-20,True,23062810,0,all,56286961
928,2_wait,2021-03-20,True,1115063,1,all,56286961
505,2,2021-03-21,True,1484905,0,all,56286961
73,1,2021-03-21,True,23062810,0,all,56286961
929,2_wait,2021-03-21,True,1129441,1,all,56286961
74,1,2021-03-22,True,23386194,0,all,56286961
930,2_wait,2021-03-22,True,2323044,1,all,56286961
506,2,2021-03-22,True,1484905,0,all,56286961
931,2_wait,2021-03-23,True,1161522,0,all,56286961
507,2,2021-03-23,True,1484905,0,all,56286961
75,1,2021-03-23,True,23709577,0,all,56286961
932,2_wait,2021-03-24,True,1161522,0,all,56286961
508,2,2021-03-24,True,1484905,0,all,56286961
76,1,2021-03-24,True,24032960,0,all,56286961
933,2_wait,2021-03-25,True,1161522,0,all,56286961
509,2,2021-03-25,True,1484905,0,all,56286961
77,1,2021-03-25,True,24356344,0,all,56286961
510,2,2021-03-26,True,1484905,0,all,56286961
78,1,2021-03-26,True,24679727,0,all,56286961
934,2_wait,2021-03-26,True,1161522,0,all,56286961
79,1,2021-03-27,True,25003111,0,all,56286961
935,2_wait,2021-03-27,True,1161522,0,all,56286961
511,2,2021-03-27,True,1484905,0,all,56286961
80,1,2021-03-28,True,25019609,0,all,56286961
936,2_wait,2021-03-28,True,1484905,0,all,56286961
512,2,2021-03-28,True,1791790,0,all,56286961
81,1,2021-03-29,True,25342993,0,all,56286961
513,2,2021-03-29,True,1791790,0,all,56286961
937,2_wait,2021-03-29,True,1484905,0,all,56286961
514,2,2021-03-30,True,1791790,0,all,56286961
82,1,2021-03-30,True,25666376,0,all,56286961
938,2_wait,2021-03-30,True,1484905,0,all,56286961
515,2,2021-03-31,True,1791790,0,all,56286961
83,1,2021-03-31,True,25989759,0,all,56286961
939,2_wait,2021-03-31,True,1484905,0,all,56286961
84,1,2021-04-01,True,26313143,0,all,56286961
940,2_wait,2021-04-01,True,1484905,0,all,56286961
516,2,2021-04-01,True,1791790,0,all,56286961
941,2_wait,2021-04-02,True,1484905,0,all,56286961
517,2,2021-04-02,True,1791790,0,all,56286961
85,1,2021-04-02,True,26636526,0,all,56286961
942,2_wait,2021-04-03,True,1484905,0,all,56286961
518,2,2021-04-03,True,1791790,0,all,56286961
86,1,2021-04-03,True,26959910,0,all,56286961
943,2_wait,2021-04-04,True,1791790,0,all,56286961
87,1,2021-04-04,True,26959910,0,all,56286961
519,2,2021-04-04,True,2115173,0,all,56286961
88,1,2021-04-05,True,27162164,0,all,56286961
944,2_wait,2021-04-05,True,1791790,0,all,56286961
520,2,2021-04-05,True,2236302,0,all,56286961
89,1,2021-04-06,True,27311272,0,all,56286961
945,2_wait,2021-04-06,True,1791790,0,all,56286961
521,2,2021-04-06,True,2410578,0,all,56286961
90,1,2021-04-07,True,27394840,0,all,56286961
946,2_wait,2021-04-07,True,1791790,0,all,56286961
522,2,2021-04-07,True,2650393,0,all,56286961
947,2_wait,2021-04-08,True,1791790,0,all,56286961
523,2,2021-04-08,True,2925186,0,all,56286961
91,1,2021-04-08,True,27443430,0,all,56286961
524,2,2021-04-09,True,3246080,0,all,56286961
92,1,2021-04-09,True,27445920,0,all,56286961
948,2_wait,2021-04-09,True,1791790,0,all,56286961
525,2,2021-04-10,True,3521514,0,all,56286961
93,1,2021-04-10,True,27493869,0,all,56286961
949,2_wait,2021-04-10,True,1791790,0,all,56286961
526,2,2021-04-11,True,3676078,0,all,56286961
950,2_wait,2021-04-11,True,2115173,0,all,56286961
94,1,2021-04-11,True,27662689,0,all,56286961
951,2_wait,2021-04-12,True,2236302,0,all,56286961
527,2,2021-04-12,True,3843228,0,all,56286961
95,1,2021-04-12,True,27818922,0,all,56286961
952,2_wait,2021-04-13,True,2410578,0,all,56286961
528,2,2021-04-13,True,4141601,0,all,56286961
96,1,2021-04-13,True,27843933,0,all,56286961
529,2,2021-04-14,True,4459752,0,all,56286961
97,1,2021-04-14,True,27849165,0,all,56286961
953,2_wait,2021-04-14,True,2650393,0,all,56286961
98,1,2021-04-15,True,27849165,0,all,56286961
954,2_wait,2021-04-15,True,2925186,0,all,56286961
530,2,2021-04-15,True,4783136,0,all,56286961
99,1,2021-04-16,True,27849165,0,all,56286961
955,2_wait,2021-04-16,True,3246080,0,all,56286961
531,2,2021-04-16,True,5106519,0,all,56286961
956,2_wait,2021-04-17,True,3521514,0,all,56286961
532,2,2021-04-17,True,5429903,0,all,56286961
100,1,2021-04-17,True,27849165,0,all,56286961
533,2,2021-04-18,True,5628495,0,all,56286961
957,2_wait,2021-04-18,True,3676078,0,all,56286961
101,1,2021-04-18,True,27973956,0,all,56286961
102,1,2021-04-19,True,28062491,0,all,56286961
958,2_wait,2021-04-19,True,3843228,0,all,56286961
534,2,2021-04-19,True,5863344,0,all,56286961
103,1,2021-04-20,True,28126567,0,all,56286961
535,2,2021-04-20,True,6122651,0,all,56286961
959,2_wait,2021-04-20,True,4141601,0,all,56286961
960,2_wait,2021-04-21,True,4459752,0,all,56286961
536,2,2021-04-21,True,6374552,0,all,56286961
104,1,2021-04-21,True,28198050,0,all,56286961
961,2_wait,2021-04-22,True,4783136,0,all,56286961
537,2,2021-04-22,True,6697935,0,all,56286961
105,1,2021-04-22,True,28198050,0,all,56286961
962,2_wait,2021-04-23,True,5106519,0,all,56286961
538,2,2021-04-23,True,7021318,0,all,56286961
106,1,2021-04-23,True,28198050,0,all,56286961
963,2_wait,2021-04-24,True,5429903,0,all,56286961
107,1,2021-04-24,True,28198050,0,all,56286961
539,2,2021-04-24,True,7344702,0,all,56286961
108,1,2021-04-25,True,28232073,0,all,56286961
964,2_wait,2021-04-25,True,5628495,0,all,56286961
540,2,2021-04-25,True,7634062,0,all,56286961
109,1,2021-04-26,True,28274944,0,all,56286961
965,2_wait,2021-04-26,True,5863344,0,all,56286961
541,2,2021-04-26,True,7914575,0,all,56286961
110,1,2021-04-27,True,28298154,0,all,56286961
966,2_wait,2021-04-27,True,6122651,0,all,56286961
542,2,2021-04-27,True,8214748,0,all,56286961
111,1,2021-04-28,True,28298154,0,all,56286961
543,2,2021-04-28,True,8538131,0,all,56286961
967,2_wait,2021-04-28,True,6374552,0,all,56286961
544,2,2021-04-29,True,8861515,0,all,56286961
968,2_wait,2021-04-29,True,6697935,0,all,56286961
112,1,2021-04-29,True,28298154,0,all,56286961
969,2_wait,2021-04-30,True,7021318,0,all,56286961
545,2,2021-04-30,True,9184898,0,all,56286961
113,1,2021-04-30,True,28298154,0,all,56286961
970,2_wait,2021-05-01,True,7344702,0,all,56286961
546,2,2021-05-01,True,9508282,0,all,56286961
114,1,2021-05-01,True,28298154,0,all,56286961
971,2_wait,2021-05-02,True,7634062,0,all,56286961
547,2,2021-05-02,True,9737796,0,all,56286961
115,1,2021-05-02,True,28392023,0,all,56286961
548,2,2021-05-03,True,9990064,0,all,56286961
116,1,2021-05-03,True,28463139,0,all,56286961
972,2_wait,2021-05-03,True,7914575,0,all,56286961
117,1,2021-05-04,True,28474866,0,all,56286961
973,2_wait,2021-05-04,True,8214748,0,all,56286961
549,2,2021-05-04,True,10301720,0,all,56286961
118,1,2021-05-05,True,28474866,0,all,56286961
974,2_wait,2021-05-05,True,8538131,0,all,56286961
550,2,2021-05-05,True,10625103,0,all,56286961
119,1,2021-05-06,True,28474866,0,all,56286961
975,2_wait,2021-05-06,True,8861515,0,all,56286961
551,2,2021-05-06,True,10948487,0,all,56286961
120,1,2021-05-07,True,28474866,0,all,56286961
552,2,2021-05-07,True,11271870,0,all,56286961
976,2_wait,2021-05-07,True,9184898,0,all,56286961
553,2,2021-05-08,True,11595253,0,all,56286961
121,1,2021-05-08,True,28474866,0,all,56286961
977,2_wait,2021-05-08,True,9508282,0,all,56286961
554,2,2021-05-09,True,11782499,0,all,56286961
122,1,2021-05-09,True,28611004,0,all,56286961
978,2_wait,2021-05-09,True,9737796,0,all,56286961
555,2,2021-05-10,True,12002260,0,all,56286961
123,1,2021-05-10,True,28714626,0,all,56286961
979,2_wait,2021-05-10,True,9990064,0,all,56286961
124,1,2021-05-11,True,28725343,0,all,56286961
980,2_wait,2021-05-11,True,10301720,0,all,56286961
556,2,2021-05-11,True,12314927,0,all,56286961
981,2_wait,2021-05-12,True,10625103,0,all,56286961
557,2,2021-05-12,True,12638311,0,all,56286961
125,1,2021-05-12,True,28725343,0,all,56286961
982,2_wait,2021-05-13,True,10948487,0,all,56286961
558,2,2021-05-13,True,12961694,0,all,56286961
126,1,2021-05-13,True,28725343,0,all,56286961
983,2_wait,2021-05-14,True,11271870,0,all,56286961
559,2,2021-05-14,True,13285078,0,all,56286961
127,1,2021-05-14,True,28725343,0,all,56286961
560,2,2021-05-15,True,13591187,0,all,56286961
128,1,2021-05-15,True,28742617,0,all,56286961
984,2_wait,2021-05-15,True,11595253,0,all,56286961
129,1,2021-05-16,True,28952014,0,all,56286961
985,2_wait,2021-05-16,True,11782499,0,all,56286961
561,2,2021-05-16,True,13705173,0,all,56286961
130,1,2021-05-17,True,29120313,0,all,56286961
986,2_wait,2021-05-17,True,12002260,0,all,56286961
562,2,2021-05-17,True,13860258,0,all,56286961
131,1,2021-05-18,True,29158798,0,all,56286961
987,2_wait,2021-05-18,True,12314927,0,all,56286961
563,2,2021-05-18,True,14145156,0,all,56286961
988,2_wait,2021-05-19,True,12638311,0,all,56286961
564,2,2021-05-19,True,14468539,0,all,56286961
132,1,2021-05-19,True,29158798,0,all,56286961
565,2,2021-05-20,True,14791923,0,all,56286961
133,1,2021-05-20,True,29158798,0,all,56286961
989,2_wait,2021-05-20,True,12961694,0,all,56286961
566,2,2021-05-21,True,15115306,0,all,56286961
134,1,2021-05-21,True,29158798,0,all,56286961
990,2_wait,2021-05-21,True,13285078,0,all,56286961
567,2,2021-05-22,True,15438689,0,all,56286961
135,1,2021-05-22,True,29158798,0,all,56286961
991,2_wait,2021-05-22,True,13591187,0,all,56286961
568,2,2021-05-23,True,15600245,0,all,56286961
992,2_wait,2021-05-23,True,13705173,0,all,56286961
136,1,2021-05-23,True,29320626,0,all,56286961
993,2_wait,2021-05-24,True,13860258,0,all,56286961
569,2,2021-05-24,True,15760825,0,all,56286961
137,1,2021-05-24,True,29483429,0,all,56286961
994,2_wait,2021-05-25,True,14145156,0,all,56286961
570,2,2021-05-25,True,15942142,0,all,56286961
138,1,2021-05-25,True,29625496,0,all,56286961
995,2_wait,2021-05-26,True,14468539,0,all,56286961
571,2,2021-05-26,True,16173142,0,all,56286961
139,1,2021-05-26,True,29717879,0,all,56286961
572,2,2021-05-27,True,16493530,0,all,56286961
140,1,2021-05-27,True,29720874,0,all,56286961
996,2_wait,2021-05-27,True,14791923,0,all,56286961
141,1,2021-05-28,True,29720874,0,all,56286961
997,2_wait,2021-05-28,True,15115306,0,all,56286961
573,2,2021-05-28,True,16816914,0,all,56286961
142,1,2021-05-29,True,29720874,0,all,56286961
998,2_wait,2021-05-29,True,15438689,0,all,56286961
574,2,2021-05-29,True,17140297,0,all,56286961
143,1,2021-05-30,True,29904149,0,all,56286961
575,2,2021-05-30,True,17280406,0,all,56286961
999,2_wait,2021-05-30,True,15600245,0,all,56286961
576,2,2021-05-31,True,17464141,0,all,56286961
144,1,2021-05-31,True,30043797,0,all,56286961
1000,2_wait,2021-05-31,True,15760825,0,all,56286961
1001,2_wait,2021-06-01,True,15942142,0,all,56286961
145,1,2021-06-01,True,30186053,0,all,56286961
577,2,2021-06-01,True,17645269,0,all,56286961
1002,2_wait,2021-06-02,True,16173142,0,all,56286961
578,2,2021-06-02,True,17851990,0,all,56286961
146,1,2021-06-02,True,30302715,0,all,56286961
579,2,2021-06-03,True,18063383,0,all,56286961
147,1,2021-06-03,True,30414706,0,all,56286961
1003,2_wait,2021-06-03,True,16493530,0,all,56286961
148,1,2021-06-04,True,30425373,0,all,56286961
1004,2_wait,2021-06-04,True,16816914,0,all,56286961
580,2,2021-06-04,True,18376099,0,all,56286961
149,1,2021-06-05,True,30425373,0,all,56286961
1005,2_wait,2021-06-05,True,17140297,0,all,56286961
581,2,2021-06-05,True,18699483,0,all,56286961
1006,2_wait,2021-06-06,True,17280406,0,all,56286961
582,2,2021-06-06,True,18922501,0,all,56286961
150,1,2021-06-06,True,30525738,0,all,56286961
583,2,2021-06-07,True,19245884,0,all,56286961
151,1,2021-06-07,True,30525738,0,all,56286961
1007,2_wait,2021-06-07,True,17464141,0,all,56286961
584,2,2021-06-08,True,19569268,0,all,56286961
152,1,2021-06-08,True,30525738,0,all,56286961
1008,2_wait,2021-06-08,True,17645269,0,all,56286961
585,2,2021-06-09,True,19892651,0,all,56286961
153,1,2021-06-09,True,30525738,0,all,56286961
1009,2_wait,2021-06-09,True,17851990,0,all,56286961
154,1,2021-06-10,True,30525738,0,all,56286961
1010,2_wait,2021-06-10,True,18063383,0,all,56286961
586,2,2021-06-10,True,20216034,0,all,56286961
155,1,2021-06-11,True,30525738,0,all,56286961
1011,2_wait,2021-06-11,True,18376099,0,all,56286961
587,2,2021-06-11,True,20539418,0,all,56286961
156,1,2021-06-12,True,30525738,0,all,56286961
1012,2_wait,2021-06-12,True,18699483,0,all,56286961
588,2,2021-06-12,True,20862801,0,all,56286961
157,1,2021-06-13,True,30849122,0,all,56286961
1013,2_wait,2021-06-13,True,18922501,0,all,56286961
589,2,2021-06-13,True,20862801,0,all,56286961
1014,2_wait,2021-06-14,True,19245884,0,all,56286961
158,1,2021-06-14,True,30849122,0,all,56286961
590,2,2021-06-14,True,21186185,0,all,56286961
159,1,2021-06-15,True,30849122,0,all,56286961
591,2,2021-06-15,True,21509568,0,all,56286961
1015,2_wait,2021-06-15,True,19569268,0,all,56286961
160,1,2021-06-16,True,30849122,0,all,56286961
592,2,2021-06-16,True,21832952,0,all,56286961
1016,2_wait,2021-06-16,True,19892651,0,all,56286961
593,2,2021-06-17,True,22156335,0,all,56286961
1017,2_wait,2021-06-17,True,20216034,0,all,56286961
161,1,2021-06-17,True,30849122,0,all,56286961
594,2,2021-06-18,True,22479718,0,all,56286961
1018,2_wait,2021-06-18,True,20539418,0,all,56286961
162,1,2021-06-18,True,30849122,0,all,56286961
595,2,2021-06-19,True,22803102,0,all,56286961
1019,2_wait,2021-06-19,True,20862801,0,all,56286961
163,1,2021-06-19,True,30849122,0,all,56286961
164,1,2021-06-20,True,31156007,0,all,56286961
1020,2_wait,2021-06-20,True,20862801,0,all,56286961
596,2,2021-06-20,True,22819600,0,all,56286961
597,2,2021-06-21,True,23142984,0,all,56286961
1021,2_wait,2021-06-21,True,21186185,0,all,56286961
165,1,2021-06-21,True,31156007,0,all,56286961
1022,2_wait,2021-06-22,True,21509568,0,all,56286961
598,2,2021-06-22,True,23466367,0,all,56286961
166,1,2021-06-22,True,31156007,0,all,56286961
167,1,2021-06-23,True,31156007,0,all,56286961
1023,2_wait,2021-06-23,True,21832952,0,all,56286961
599,2,2021-06-23,True,23789751,0,all,56286961
168,1,2021-06-24,True,31156007,0,all,56286961
1024,2_wait,2021-06-24,True,22156335,0,all,56286961
600,2,2021-06-24,True,24113134,0,all,56286961
169,1,2021-06-25,True,31156007,0,all,56286961
1025,2_wait,2021-06-25,True,22479718,0,all,56286961
601,2,2021-06-25,True,24436517,0,all,56286961
1026,2_wait,2021-06-26,True,22803102,0,all,56286961
602,2,2021-06-26,True,24759901,0,all,56286961
170,1,2021-06-26,True,31156007,0,all,56286961
1027,2_wait,2021-06-27,True,22819600,0,all,56286961
603,2,2021-06-27,True,24759901,0,all,56286961
171,1,2021-06-27,True,31479390,0,all,56286961
1028,2_wait,2021-06-28,True,23142984,0,all,56286961
172,1,2021-06-28,True,31600519,0,all,56286961
604,2,2021-06-28,True,24962155,0,all,56286961
605,2,2021-06-29,True,25111263,0,all,56286961
173,1,2021-06-29,True,31774795,0,all,56286961
1029,2_wait,2021-06-29,True,23466367,0,all,56286961
174,1,2021-06-30,True,32014610,0,all,56286961
1030,2_wait,2021-06-30,True,23789751,0,all,56286961
606,2,2021-06-30,True,25194831,0,all,56286961
175,1,2021-07-01,True,32289403,0,all,56286961
1031,2_wait,2021-07-01,True,24113134,0,all,56286961
607,2,2021-07-01,True,25243422,0,all,56286961
176,1,2021-07-02,True,32610297,0,all,56286961
1032,2_wait,2021-07-02,True,24436517,0,all,56286961
608,2,2021-07-02,True,25245911,0,all,56286961
609,2,2021-07-03,True,25293860,0,all,56286961
1033,2_wait,2021-07-03,True,24759901,0,all,56286961
177,1,2021-07-03,True,32885731,0,all,56286961
1034,2_wait,2021-07-04,True,24759901,0,all,56286961
610,2,2021-07-04,True,25462680,0,all,56286961
178,1,2021-07-04,True,33040295,0,all,56286961
1035,2_wait,2021-07-05,True,24962155,0,all,56286961
611,2,2021-07-05,True,25618913,0,all,56286961
179,1,2021-07-05,True,33207445,0,all,56286961
1036,2_wait,2021-07-06,True,25111263,0,all,56286961
612,2,2021-07-06,True,25643924,0,all,56286961
180,1,2021-07-06,True,33505818,0,all,56286961
613,2,2021-07-07,True,25649156,0,all,56286961
181,1,2021-07-07,True,33823969,0,all,56286961
1037,2_wait,2021-07-07,True,25194831,0,all,56286961
182,1,2021-07-08,True,34147353,0,all,56286961
1038,2_wait,2021-07-08,True,25243422,0,all,56286961
614,2,2021-07-08,True,25649156,0,all,56286961
183,1,2021-07-09,True,34470736,0,all,56286961
1039,2_wait,2021-07-09,True,25245911,0,all,56286961
615,2,2021-07-09,True,25649156,0,all,56286961
184,1,2021-07-10,True,34794120,0,all,56286961
1040,2_wait,2021-07-10,True,25293860,0,all,56286961
616,2,2021-07-10,True,25649156,0,all,56286961
1041,2_wait,2021-07-11,True,25462680,0,all,56286961
185,1,2021-07-11,True,34992712,0,all,56286961
617,2,2021-07-11,True,25773948,0,all,56286961
618,2,2021-07-12,True,25862482,0,all,56286961
1042,2_wait,2021-07-12,True,25618913,0,all,56286961
186,1,2021-07-12,True,35227561,0,all,56286961
187,1,2021-07-13,True,35486868,0,all,56286961
619,2,2021-07-13,True,25926558,0,all,56286961
1043,2_wait,2021-07-13,True,25643924,0,all,56286961
620,2,2021-07-14,True,25998041,0,all,56286961
188,1,2021-07-14,True,35738769,0,all,56286961
1044,2_wait,2021-07-14,True,25649156,0,all,56286961
1045,2_wait,2021-07-15,True,25649156,0,all,56286961
621,2,2021-07-15,True,25998041,0,all,56286961
189,1,2021-07-15,True,36062152,0,all,56286961
1046,2_wait,2021-07-16,True,25649156,0,all,56286961
190,1,2021-07-16,True,36385535,0,all,56286961
622,2,2021-07-16,True,25998041,0,all,56286961
191,1,2021-07-17,True,36708919,0,all,56286961
1047,2_wait,2021-07-17,True,25649156,0,all,56286961
623,2,2021-07-17,True,25998041,0,all,56286961
192,1,2021-07-18,True,36998279,0,all,56286961
1048,2_wait,2021-07-18,True,25773948,0,all,56286961
624,2,2021-07-18,True,26032064,0,all,56286961
1049,2_wait,2021-07-19,True,25862482,0,all,56286961
625,2,2021-07-19,True,26074935,0,all,56286961
193,1,2021-07-19,True,37278792,0,all,56286961
1050,2_wait,2021-07-20,True,25926558,0,all,56286961
626,2,2021-07-20,True,26098145,0,all,56286961
194,1,2021-07-20,True,37578965,0,all,56286961
1051,2_wait,2021-07-21,True,25998041,0,all,56286961
195,1,2021-07-21,True,37902348,0,all,56286961
627,2,2021-07-21,True,26098145,0,all,56286961
1052,2_wait,2021-07-22,True,25998041,0,all,56286961
628,2,2021-07-22,True,26098145,0,all,56286961
196,1,2021-07-22,True,38225732,0,all,56286961
197,1,2021-07-23,True,38549115,0,all,56286961
629,2,2021-07-23,True,26098145,0,all,56286961
1053,2_wait,2021-07-23,True,25998041,0,all,56286961
1054,2_wait,2021-07-24,True,25998041,0,all,56286961
198,1,2021-07-24,True,38872499,0,all,56286961
630,2,2021-07-24,True,26098145,0,all,56286961
199,1,2021-07-25,True,39102013,0,all,56286961
1055,2_wait,2021-07-25,True,26032064,0,all,56286961
631,2,2021-07-25,True,26192015,0,all,56286961
632,2,2021-07-26,True,26263130,0,all,56286961
1056,2_wait,2021-07-26,True,26074935,0,all,56286961
200,1,2021-07-26,True,39354281,0,all,56286961
201,1,2021-07-27,True,39665937,0,all,56286961
633,2,2021-07-27,True,26274857,0,all,56286961
1057,2_wait,2021-07-27,True,26098145,0,all,56286961
634,2,2021-07-28,True,26274857,0,all,56286961
202,1,2021-07-28,True,39989320,0,all,56286961
1058,2_wait,2021-07-28,True,26098145,0,all,56286961
635,2,2021-07-29,True,26274857,0,all,56286961
1059,2_wait,2021-07-29,True,26098145,0,all,56286961
203,1,2021-07-29,True,40312703,0,all,56286961
1060,2_wait,2021-07-30,True,26098145,0,all,56286961
204,1,2021-07-30,True,40636087,0,all,56286961
636,2,2021-07-30,True,26274857,0,all,56286961
205,1,2021-07-31,True,40959470,0,all,56286961
637,2,2021-07-31,True,26274857,0,all,56286961
1061,2_wait,2021-07-31,True,26098145,0,all,56286961
638,2,2021-08-01,True,26410995,0,all,56286961
1062,2_wait,2021-08-01,True,26192015,0,all,56286961
206,1,2021-08-01,True,41146716,0,all,56286961
639,2,2021-08-02,True,26514617,0,all,56286961
1063,2_wait,2021-08-02,True,26263130,0,all,56286961
207,1,2021-08-02,True,41366477,0,all,56286961
640,2,2021-08-03,True,26525334,0,all,56286961
1064,2_wait,2021-08-03,True,26274857,0,all,56286961
208,1,2021-08-03,True,41679144,0,all,56286961
641,2,2021-08-04,True,26525334,0,all,56286961
1065,2_wait,2021-08-04,True,26274857,0,all,56286961
209,1,2021-08-04,True,42002528,0,all,56286961
642,2,2021-08-05,True,26525334,0,all,56286961
1066,2_wait,2021-08-05,True,26274857,0,all,56286961
210,1,2021-08-05,True,42325911,0,all,56286961
1067,2_wait,2021-08-06,True,26274857,0,all,56286961
643,2,2021-08-06,True,26525334,0,all,56286961
211,1,2021-08-06,True,42649294,0,all,56286961
1068,2_wait,2021-08-07,True,26274857,0,all,56286961
644,2,2021-08-07,True,26542608,0,all,56286961
212,1,2021-08-07,True,42955403,0,all,56286961
213,1,2021-08-08,True,43069389,0,all,56286961
1069,2_wait,2021-08-08,True,26410995,0,all,56286961
645,2,2021-08-08,True,26752006,0,all,56286961
214,1,2021-08-09,True,43224474,0,all,56286961
1070,2_wait,2021-08-09,True,26514617,0,all,56286961
646,2,2021-08-09,True,26920304,0,all,56286961
1071,2_wait,2021-08-10,True,26525334,0,all,56286961
647,2,2021-08-10,True,26958789,0,all,56286961
215,1,2021-08-10,True,43509372,0,all,56286961
648,2,2021-08-11,True,26958789,0,all,56286961
1072,2_wait,2021-08-11,True,26525334,0,all,56286961
216,1,2021-08-11,True,43832756,0,all,56286961
1073,2_wait,2021-08-12,True,26525334,0,all,56286961
649,2,2021-08-12,True,26958789,0,all,56286961
217,1,2021-08-12,True,44156139,0,all,56286961
650,2,2021-08-13,True,26958789,0,all,56286961
218,1,2021-08-13,True,44479523,0,all,56286961
1074,2_wait,2021-08-13,True,26525334,0,all,56286961
1075,2_wait,2021-08-14,True,26542608,0,all,56286961
219,1,2021-08-14,True,44802906,0,all,56286961
651,2,2021-08-14,True,26958789,0,all,56286961
220,1,2021-08-15,True,44964462,0,all,56286961
652,2,2021-08-15,True,27120617,0,all,56286961
1076,2_wait,2021-08-15,True,26752006,0,all,56286961
1077,2_wait,2021-08-16,True,26920304,0,all,56286961
221,1,2021-08-16,True,45125042,0,all,56286961
653,2,2021-08-16,True,27283420,0,all,56286961
1078,2_wait,2021-08-17,True,26958789,0,all,56286961
654,2,2021-08-17,True,27425487,0,all,56286961
222,1,2021-08-17,True,45306359,0,all,56286961
223,1,2021-08-18,True,45537359,0,all,56286961
1079,2_wait,2021-08-18,True,26958789,0,all,56286961
655,2,2021-08-18,True,27517870,0,all,56286961
656,2,2021-08-19,True,27520866,0,all,56286961
224,1,2021-08-19,True,45857747,0,all,56286961
1080,2_wait,2021-08-19,True,26958789,0,all,56286961
225,1,2021-08-20,True,46181131,0,all,56286961
1081,2_wait,2021-08-20,True,26958789,0,all,56286961
657,2,2021-08-20,True,27520866,0,all,56286961
658,2,2021-08-21,True,27520866,0,all,56286961
226,1,2021-08-21,True,46504514,0,all,56286961
1082,2_wait,2021-08-21,True,26958789,0,all,56286961
1083,2_wait,2021-08-22,True,27120617,0,all,56286961
659,2,2021-08-22,True,27704140,0,all,56286961
227,1,2021-08-22,True,46644623,0,all,56286961
660,2,2021-08-23,True,27843788,0,all,56286961
1084,2_wait,2021-08-23,True,27283420,0,all,56286961
228,1,2021-08-23,True,46828358,0,all,56286961
229,1,2021-08-24,True,47009486,0,all,56286961
1085,2_wait,2021-08-24,True,27425487,0,all,56286961
661,2,2021-08-24,True,27986044,0,all,56286961
1086,2_wait,2021-08-25,True,27517870,0,all,56286961
230,1,2021-08-25,True,47216207,0,all,56286961
662,2,2021-08-25,True,28102706,0,all,56286961
231,1,2021-08-26,True,47427600,0,all,56286961
1087,2_wait,2021-08-26,True,27520866,0,all,56286961
663,2,2021-08-26,True,28214697,0,all,56286961
664,2,2021-08-27,True,28225364,0,all,56286961
1088,2_wait,2021-08-27,True,27520866,0,all,56286961
232,1,2021-08-27,True,47740316,0,all,56286961
1089,2_wait,2021-08-28,True,27520866,0,all,56286961
233,1,2021-08-28,True,48063699,0,all,56286961
665,2,2021-08-28,True,28225364,0,all,56286961
1090,2_wait,2021-08-29,True,27704140,0,all,56286961
234,1,2021-08-29,True,48286717,0,all,56286961
666,2,2021-08-29,True,28325730,0,all,56286961
1091,2_wait,2021-08-30,True,27843788,0,all,56286961
235,1,2021-08-30,True,48610101,0,all,56286961
667,2,2021-08-30,True,28325730,0,all,56286961
236,1,2021-08-31,True,48933484,0,all,56286961
1092,2_wait,2021-08-31,True,27986044,0,all,56286961
668,2,2021-08-31,True,28325730,0,all,56286961
1093,2_wait,2021-09-01,True,28102706,0,all,56286961
669,2,2021-09-01,True,28325730,0,all,56286961
237,1,2021-09-01,True,49256868,0,all,56286961
670,2,2021-09-02,True,28325730,0,all,56286961
238,1,2021-09-02,True,49580251,0,all,56286961
1094,2_wait,2021-09-02,True,28214697,0,all,56286961
1095,2_wait,2021-09-03,True,28225364,0,all,56286961
671,2,2021-09-03,True,28325730,0,all,56286961
239,1,2021-09-03,True,49903635,0,all,56286961
1096,2_wait,2021-09-04,True,28225364,0,all,56286961
240,1,2021-09-04,True,50227018,0,all,56286961
672,2,2021-09-04,True,28325730,0,all,56286961
241,1,2021-09-05,True,50227018,0,all,56286961
673,2,2021-09-05,True,28649113,0,all,56286961
1097,2_wait,2021-09-05,True,28325730,0,all,56286961
242,1,2021-09-06,True,50550401,0,all,56286961
1098,2_wait,2021-09-06,True,28325730,0,all,56286961
674,2,2021-09-06,True,28649113,0,all,56286961
243,1,2021-09-07,True,50873785,0,all,56286961
675,2,2021-09-07,True,28649113,0,all,56286961
1099,2_wait,2021-09-07,True,28325730,0,all,56286961
676,2,2021-09-08,True,28649113,0,all,56286961
1100,2_wait,2021-09-08,True,28325730,0,all,56286961
244,1,2021-09-08,True,51197168,0,all,56286961
245,1,2021-09-09,True,51520552,0,all,56286961
1101,2_wait,2021-09-09,True,28325730,0,all,56286961
677,2,2021-09-09,True,28649113,0,all,56286961
1102,2_wait,2021-09-10,True,28325730,0,all,56286961
678,2,2021-09-10,True,28649113,0,all,56286961
246,1,2021-09-10,True,51843935,0,all,56286961
679,2,2021-09-11,True,28649113,0,all,56286961
247,1,2021-09-11,True,52167319,0,all,56286961
1103,2_wait,2021-09-11,True,28325730,0,all,56286961
1104,2_wait,2021-09-12,True,28649113,0,all,56286961
680,2,2021-09-12,True,28955998,0,all,56286961
248,1,2021-09-12,True,52183817,0,all,56286961
681,2,2021-09-13,True,28955998,0,all,56286961
249,1,2021-09-13,True,52507200,0,all,56286961
1105,2_wait,2021-09-13,True,28649113,0,all,56286961
250,1,2021-09-14,True,52830584,0,all,56286961
682,2,2021-09-14,True,28955998,0,all,56286961
1106,2_wait,2021-09-14,True,28649113,0,all,56286961
683,2,2021-09-15,True,28955998,0,all,56286961
251,1,2021-09-15,True,53153967,0,all,56286961
1107,2_wait,2021-09-15,True,28649113,0,all,56286961
1108,2_wait,2021-09-16,True,28649113,0,all,56286961
252,1,2021-09-16,True,53477351,0,all,56286961
684,2,2021-09-16,True,28955998,0,all,56286961
1109,2_wait,2021-09-17,True,28649113,0,all,56286961
685,2,2021-09-17,True,28955998,0,all,56286961
253,1,2021-09-17,True,53800734,0,all,56286961
686,2,2021-09-18,True,28955998,0,all,56286961
1110,2_wait,2021-09-18,True,28649113,0,all,56286961
254,1,2021-09-18,True,54124118,0,all,56286961
687,2,2021-09-19,True,29279381,0,all,56286961
255,1,2021-09-19,True,54124118,0,all,56286961
1111,2_wait,2021-09-19,True,28955998,0,all,56286961
688,2,2021-09-20,True,29400510,0,all,56286961
256,1,2021-09-20,True,54326372,0,all,56286961
1112,2_wait,2021-09-20,True,28955998,0,all,56286961
1113,2_wait,2021-09-21,True,28955998,0,all,56286961
689,2,2021-09-21,True,29574786,0,all,56286961
257,1,2021-09-21,True,54475479,0,all,56286961
690,2,2021-09-22,True,29814601,0,all,56286961
258,1,2021-09-22,True,54559048,0,all,56286961
1114,2_wait,2021-09-22,True,28955998,0,all,56286961
1115,2_wait,2021-09-23,True,28955998,0,all,56286961
259,1,2021-09-23,True,54607638,0,all,56286961
691,2,2021-09-23,True,30089394,0,all,56286961
1116,2_wait,2021-09-24,True,28955998,0,all,56286961
692,2,2021-09-24,True,30410288,0,all,56286961
260,1,2021-09-24,True,54610128,0,all,56286961
693,2,2021-09-25,True,30685722,0,all,56286961
1117,2_wait,2021-09-25,True,28955998,0,all,56286961
261,1,2021-09-25,True,54658077,0,all,56286961
1118,2_wait,2021-09-26,True,29279381,0,all,56286961
694,2,2021-09-26,True,30840286,0,all,56286961
262,1,2021-09-26,True,54826897,0,all,56286961
1119,2_wait,2021-09-27,True,29400510,0,all,56286961
263,1,2021-09-27,True,54983130,0,all,56286961
695,2,2021-09-27,True,31007436,0,all,56286961
696,2,2021-09-28,True,31305809,0,all,56286961
1120,2_wait,2021-09-28,True,29574786,0,all,56286961
264,1,2021-09-28,True,55008140,0,all,56286961
697,2,2021-09-29,True,31623960,0,all,56286961
1121,2_wait,2021-09-29,True,29814601,0,all,56286961
265,1,2021-09-29,True,55013373,0,all,56286961
698,2,2021-09-30,True,31947344,0,all,56286961
1122,2_wait,2021-09-30,True,30089394,0,all,56286961
266,1,2021-09-30,True,55013373,0,all,56286961
1123,2_wait,2021-10-01,True,30410288,0,all,56286961
267,1,2021-10-01,True,55013373,0,all,56286961
699,2,2021-10-01,True,32270727,0,all,56286961
700,2,2021-10-02,True,32594111,0,all,56286961
1124,2_wait,2021-10-02,True,30685722,0,all,56286961
268,1,2021-10-02,True,55013373,0,all,56286961
269,1,2021-10-03,True,55138164,0,all,56286961
701,2,2021-10-03,True,32792703,0,all,56286961
1125,2_wait,2021-10-03,True,30840286,0,all,56286961
270,1,2021-10-04,True,55226699,0,all,56286961
1126,2_wait,2021-10-04,True,31007436,0,all,56286961
702,2,2021-10-04,True,33027552,0,all,56286961
271,1,2021-10-05,True,55290775,0,all,56286961
703,2,2021-10-05,True,33286859,0,all,56286961
1127,2_wait,2021-10-05,True,31305809,0,all,56286961
1128,2_wait,2021-10-06,True,31623960,0,all,56286961
272,1,2021-10-06,True,55362258,0,all,56286961
704,2,2021-10-06,True,33538760,0,all,56286961
1129,2_wait,2021-10-07,True,31947344,0,all,56286961
273,1,2021-10-07,True,55362258,0,all,56286961
705,2,2021-10-07,True,33862143,0,all,56286961
1130,2_wait,2021-10-08,True,32270727,0,all,56286961
274,1,2021-10-08,True,55362258,0,all,56286961
706,2,2021-10-08,True,34185527,0,all,56286961
275,1,2021-10-09,True,55362258,0,all,56286961
707,2,2021-10-09,True,34508910,0,all,56286961
1131,2_wait,2021-10-09,True,32594111,0,all,56286961
276,1,2021-10-10,True,55396281,0,all,56286961
708,2,2021-10-10,True,34798270,0,all,56286961
1132,2_wait,2021-10-10,True,32792703,0,all,56286961
277,1,2021-10-11,True,55439151,0,all,56286961
1133,2_wait,2021-10-11,True,33027552,0,all,56286961
709,2,2021-10-11,True,35078783,0,all,56286961
1134,2_wait,2021-10-12,True,33286859,0,all,56286961
710,2,2021-10-12,True,35378956,0,all,56286961
278,1,2021-10-12,True,55462362,0,all,56286961
1135,2_wait,2021-10-13,True,33538760,0,all,56286961
279,1,2021-10-13,True,55462362,0,all,56286961
711,2,2021-10-13,True,35702339,0,all,56286961
1136,2_wait,2021-10-14,True,33862143,0,all,56286961
280,1,2021-10-14,True,55462362,0,all,56286961
712,2,2021-10-14,True,36025723,0,all,56286961
1137,2_wait,2021-10-15,True,34185527,0,all,56286961
281,1,2021-10-15,True,55462362,0,all,56286961
713,2,2021-10-15,True,36349106,0,all,56286961
282,1,2021-10-16,True,55462362,0,all,56286961
714,2,2021-10-16,True,36672490,0,all,56286961
1138,2_wait,2021-10-16,True,34508910,0,all,56286961
715,2,2021-10-17,True,36902004,0,all,56286961
1139,2_wait,2021-10-17,True,34798270,0,all,56286961
283,1,2021-10-17,True,55556231,0,all,56286961
716,2,2021-10-18,True,37154272,0,all,56286961
284,1,2021-10-18,True,55627347,0,all,56286961
1140,2_wait,2021-10-18,True,35078783,0,all,56286961
717,2,2021-10-19,True,37465928,0,all,56286961
285,1,2021-10-19,True,55639074,0,all,56286961
1141,2_wait,2021-10-19,True,35378956,0,all,56286961
718,2,2021-10-20,True,37789311,0,all,56286961
1142,2_wait,2021-10-20,True,35702339,0,all,56286961
286,1,2021-10-20,True,55639074,0,all,56286961
287,1,2021-10-21,True,55639074,0,all,56286961
1143,2_wait,2021-10-21,True,36025723,0,all,56286961
719,2,2021-10-21,True,38112695,0,all,56286961
1144,2_wait,2021-10-22,True,36349106,0,all,56286961
288,1,2021-10-22,True,55639074,0,all,56286961
720,2,2021-10-22,True,38436078,0,all,56286961
289,1,2021-10-23,True,55639074,0,all,56286961
1145,2_wait,2021-10-23,True,36672490,0,all,56286961
721,2,2021-10-23,True,38759461,0,all,56286961
1146,2_wait,2021-10-24,True,36902004,0,all,56286961
290,1,2021-10-24,True,55775212,0,all,56286961
722,2,2021-10-24,True,38946707,0,all,56286961
1147,2_wait,2021-10-25,True,37154272,0,all,56286961
723,2,2021-10-25,True,39166468,0,all,56286961
291,1,2021-10-25,True,55878834,0,all,56286961
292,1,2021-10-26,True,55889550,0,all,56286961
1148,2_wait,2021-10-26,True,37465928,0,all,56286961
724,2,2021-10-26,True,39479135,0,all,56286961
725,2,2021-10-27,True,39802519,0,all,56286961
293,1,2021-10-27,True,55889550,0,all,56286961
1149,2_wait,2021-10-27,True,37789311,0,all,56286961
1150,2_wait,2021-10-28,True,38112695,0,all,56286961
294,1,2021-10-28,True,55889550,0,all,56286961
726,2,2021-10-28,True,40125902,0,all,56286961
1151,2_wait,2021-10-29,True,38436078,0,all,56286961
727,2,2021-10-29,True,40449286,0,all,56286961
295,1,2021-10-29,True,55889550,0,all,56286961
1152,2_wait,2021-10-30,True,38759461,0,all,56286961
728,2,2021-10-30,True,40755395,0,all,56286961
296,1,2021-10-30,True,55906825,0,all,56286961
297,1,2021-10-31,True,56116222,0,all,56286961
729,2,2021-10-31,True,40869381,0,all,56286961
1153,2_wait,2021-10-31,True,38946707,0,all,56286961
298,1,2021-11-01,True,56284521,0,all,56286961
730,2,2021-11-01,True,41024466,0,all,56286961
1154,2_wait,2021-11-01,True,39166468,0,all,56286961
299,1,2021-11-02,True,56286961,0,all,56286961
731,2,2021-11-02,True,41309364,0,all,56286961
1155,2_wait,2021-11-02,True,39479135,0,all,56286961
1156,2_wait,2021-11-03,True,39802519,0,all,56286961
300,1,2021-11-03,True,56286961,0,all,56286961
732,2,2021-11-03,True,41632747,0,all,56286961
1157,2_wait,2021-11-04,True,40125902,0,all,56286961
301,1,2021-11-04,True,56286961,0,all,56286961
733,2,2021-11-04,True,41956130,0,all,56286961
734,2,2021-11-05,True,42279514,0,all,56286961
1158,2_wait,2021-11-05,True,40449286,0,all,56286961
302,1,2021-11-05,True,56286961,0,all,56286961
735,2,2021-11-06,True,42602897,0,all,56286961
303,1,2021-11-06,True,56286961,0,all,56286961
1159,2_wait,2021-11-06,True,40755395,0,all,56286961
304,1,2021-11-07,True,56286961,0,all,56286961
736,2,2021-11-07,True,42764453,0,all,56286961
1160,2_wait,2021-11-07,True,40869381,0,all,56286961
305,1,2021-11-08,True,56286961,0,all,56286961
737,2,2021-11-08,True,42925033,0,all,56286961
1161,2_wait,2021-11-08,True,41024466,0,all,56286961
738,2,2021-11-09,True,43106350,0,all,56286961
1162,2_wait,2021-11-09,True,41309364,0,all,56286961
306,1,2021-11-09,True,56286961,0,all,56286961
1163,2_wait,2021-11-10,True,41632747,0,all,56286961
307,1,2021-11-10,True,56286961,0,all,56286961
739,2,2021-11-10,True,43337350,0,all,56286961
740,2,2021-11-11,True,43657738,0,all,56286961
1164,2_wait,2021-11-11,True,41956130,0,all,56286961
308,1,2021-11-11,True,56286961,0,all,56286961
741,2,2021-11-12,True,43981122,0,all,56286961
1165,2_wait,2021-11-12,True,42279514,0,all,56286961
309,1,2021-11-12,True,56286961,0,all,56286961
310,1,2021-11-13,True,56286961,0,all,56286961
1166,2_wait,2021-11-13,True,42602897,0,all,56286961
742,2,2021-11-13,True,44304505,0,all,56286961
1167,2_wait,2021-11-14,True,42764453,0,all,56286961
311,1,2021-11-14,True,56286961,0,all,56286961
743,2,2021-11-14,True,44444614,0,all,56286961
312,1,2021-11-15,True,56286961,0,all,56286961
744,2,2021-11-15,True,44628349,0,all,56286961
1168,2_wait,2021-11-15,True,42925033,0,all,56286961
1169,2_wait,2021-11-16,True,43106350,0,all,56286961
313,1,2021-11-16,True,56286961,0,all,56286961
745,2,2021-11-16,True,44809477,0,all,56286961
1170,2_wait,2021-11-17,True,43337350,0,all,56286961
746,2,2021-11-17,True,45016198,0,all,56286961
314,1,2021-11-17,True,56286961,0,all,56286961
1171,2_wait,2021-11-18,True,43657738,0,all,56286961
315,1,2021-11-18,True,56286961,0,all,56286961
747,2,2021-11-18,True,45227591,0,all,56286961
316,1,2021-11-19,True,56286961,0,all,56286961
1172,2_wait,2021-11-19,True,43981122,0,all,56286961
748,2,2021-11-19,True,45540307,0,all,56286961
1173,2_wait,2021-11-20,True,44304505,0,all,56286961
317,1,2021-11-20,True,56286961,0,all,56286961
749,2,2021-11-20,True,45863691,0,all,56286961
1174,2_wait,2021-11-21,True,44444614,0,all,56286961
318,1,2021-11-21,True,56286961,0,all,56286961
750,2,2021-11-21,True,46086709,0,all,56286961
319,1,2021-11-22,True,56286961,0,all,56286961
1175,2_wait,2021-11-22,True,44628349,0,all,56286961
751,2,2021-11-22,True,46410092,0,all,56286961
1176,2_wait,2021-11-23,True,44809477,0,all,56286961
320,1,2021-11-23,True,56286961,0,all,56286961
752,2,2021-11-23,True,46733475,0,all,56286961
321,1,2021-11-24,True,56286961,0,all,56286961
753,2,2021-11-24,True,47056859,0,all,56286961
1177,2_wait,2021-11-24,True,45016198,0,all,56286961
1178,2_wait,2021-11-25,True,45227591,0,all,56286961
322,1,2021-11-25,True,56286961,0,all,56286961
754,2,2021-11-25,True,47380242,0,all,56286961
1179,2_wait,2021-11-26,True,45540307,0,all,56286961
755,2,2021-11-26,True,47703626,0,all,56286961
323,1,2021-11-26,True,56286961,0,all,56286961
1180,2_wait,2021-11-27,True,45863691,0,all,56286961
324,1,2021-11-27,True,56286961,0,all,56286961
756,2,2021-11-27,True,48027009,0,all,56286961
1181,2_wait,2021-11-28,True,46086709,0,all,56286961
757,2,2021-11-28,True,48027009,0,all,56286961
325,1,2021-11-28,True,56286961,0,all,56286961
1182,2_wait,2021-11-29,True,46410092,0,all,56286961
326,1,2021-11-29,True,56286961,0,all,56286961
758,2,2021-11-29,True,48350393,0,all,56286961
327,1,2021-11-30,True,56286961,0,all,56286961
1183,2_wait,2021-11-30,True,46733475,0,all,56286961
759,2,2021-11-30,True,48673776,0,all,56286961
760,2,2021-12-01,True,48997159,0,all,56286961
328,1,2021-12-01,True,56286961,0,all,56286961
1184,2_wait,2021-12-01,True,47056859,0,all,56286961
329,1,2021-12-02,True,56286961,0,all,56286961
1185,2_wait,2021-12-02,True,47380242,0,all,56286961
761,2,2021-12-02,True,49320543,0,all,56286961
1186,2_wait,2021-12-03,True,47703626,0,all,56286961
762,2,2021-12-03,True,49643926,0,all,56286961
330,1,2021-12-03,True,56286961,0,all,56286961
1187,2_wait,2021-12-04,True,48027009,0,all,56286961
331,1,2021-12-04,True,56286961,0,all,56286961
763,2,2021-12-04,True,49967310,0,all,56286961
764,2,2021-12-05,True,49983808,0,all,56286961
332,1,2021-12-05,True,56286961,0,all,56286961
1188,2_wait,2021-12-05,True,48027009,0,all,56286961
765,2,2021-12-06,True,50307192,0,all,56286961
1189,2_wait,2021-12-06,True,48350393,0,all,56286961
333,1,2021-12-06,True,56286961,0,all,56286961
1190,2_wait,2021-12-07,True,48673776,0,all,56286961
766,2,2021-12-07,True,50630575,0,all,56286961
334,1,2021-12-07,True,56286961,0,all,56286961
1191,2_wait,2021-12-08,True,48997159,0,all,56286961
335,1,2021-12-08,True,56286961,0,all,56286961
767,2,2021-12-08,True,50953958,0,all,56286961
336,1,2021-12-09,True,56286961,0,all,56286961
768,2,2021-12-09,True,51277342,0,all,56286961
1192,2_wait,2021-12-09,True,49320543,0,all,56286961
337,1,2021-12-10,True,56286961,0,all,56286961
1193,2_wait,2021-12-10,True,49643926,0,all,56286961
769,2,2021-12-10,True,51600725,0,all,56286961
338,1,2021-12-11,True,56286961,0,all,56286961
1194,2_wait,2021-12-11,True,49967310,0,all,56286961
770,2,2021-12-11,True,51924109,0,all,56286961
1195,2_wait,2021-12-12,True,49983808,0,all,56286961
771,2,2021-12-12,True,51924109,0,all,56286961
339,1,2021-12-12,True,56286961,0,all,56286961
1196,2_wait,2021-12-13,True,50307192,0,all,56286961
772,2,2021-12-13,True,52126363,0,all,56286961
340,1,2021-12-13,True,56286961,0,all,56286961
773,2,2021-12-14,True,52275471,0,all,56286961
1197,2_wait,2021-12-14,True,50630575,0,all,56286961
341,1,2021-12-14,True,56286961,0,all,56286961
1198,2_wait,2021-12-15,True,50953958,0,all,56286961
342,1,2021-12-15,True,56286961,0,all,56286961
774,2,2021-12-15,True,52359039,0,all,56286961
775,2,2021-12-16,True,52407629,0,all,56286961
343,1,2021-12-16,True,56286961,0,all,56286961
1199,2_wait,2021-12-16,True,51277342,0,all,56286961
776,2,2021-12-17,True,52410119,0,all,56286961
344,1,2021-12-17,True,56286961,0,all,56286961
1200,2_wait,2021-12-17,True,51600725,0,all,56286961
1201,2_wait,2021-12-18,True,51924109,0,all,56286961
345,1,2021-12-18,True,56286961,0,all,56286961
777,2,2021-12-18,True,52458068,0,all,56286961
1202,2_wait,2021-12-19,True,51924109,0,all,56286961
778,2,2021-12-19,True,52626888,0,all,56286961
346,1,2021-12-19,True,56286961,0,all,56286961
347,1,2021-12-20,True,56286961,0,all,56286961
1203,2_wait,2021-12-20,True,52126363,0,all,56286961
779,2,2021-12-20,True,52783121,0,all,56286961
780,2,2021-12-21,True,52808132,0,all,56286961
348,1,2021-12-21,True,56286961,0,all,56286961
1204,2_wait,2021-12-21,True,52275471,0,all,56286961
349,1,2021-12-22,True,56286961,0,all,56286961
1205,2_wait,2021-12-22,True,52359039,0,all,56286961
781,2,2021-12-22,True,52813364,0,all,56286961
782,2,2021-12-23,True,52813364,0,all,56286961
350,1,2021-12-23,True,56286961,0,all,56286961
1206,2_wait,2021-12-23,True,52407629,0,all,56286961
783,2,2021-12-24,True,52813364,0,all,56286961
351,1,2021-12-24,True,56286961,0,all,56286961
1207,2_wait,2021-12-24,True,52410119,0,all,56286961
784,2,2021-12-25,True,52813364,0,all,56286961
352,1,2021-12-25,True,56286961,0,all,56286961
1208,2_wait,2021-12-25,True,52458068,0,all,56286961
353,1,2021-12-26,True,56286961,0,all,56286961
785,2,2021-12-26,True,52938155,0,all,56286961
1209,2_wait,2021-12-26,True,52626888,0,all,56286961
354,1,2021-12-27,True,56286961,0,all,56286961
786,2,2021-12-27,True,53026690,0,all,56286961
1210,2_wait,2021-12-27,True,52783121,0,all,56286961
1211,2_wait,2021-12-28,True,52808132,0,all,56286961
355,1,2021-12-28,True,56286961,0,all,56286961
787,2,2021-12-28,True,53090766,0,all,56286961
1212,2_wait,2021-12-29,True,52813364,0,all,56286961
356,1,2021-12-29,True,56286961,0,all,56286961
788,2,2021-12-29,True,53162249,0,all,56286961
357,1,2021-12-30,True,56286961,0,all,56286961
789,2,2021-12-30,True,53162249,0,all,56286961
1213,2_wait,2021-12-30,True,52813364,0,all,56286961
790,2,2021-12-31,True,53162249,0,all,56286961
358,1,2021-12-31,True,56286961,0,all,56286961
1214,2_wait,2021-12-31,True,52813364,0,all,56286961
791,2,2022-01-01,True,53162249,0,all,56286961
359,1,2022-01-01,True,56286961,0,all,56286961
1215,2_wait,2022-01-01,True,52813364,0,all,56286961
360,1,2022-01-02,True,56286961,0,all,56286961
792,2,2022-01-02,True,53196272,0,all,56286961
1216,2_wait,2022-01-02,True,52938155,0,all,56286961
361,1,2022-01-03,True,56286961,0,all,56286961
793,2,2022-01-03,True,53239143,0,all,56286961
1217,2_wait,2022-01-03,True,53026690,0,all,56286961
1218,2_wait,2022-01-04,True,53090766,0,all,56286961
794,2,2022-01-04,True,53262353,0,all,56286961
362,1,2022-01-04,True,56286961,0,all,56286961
1219,2_wait,2022-01-05,True,53162249,0,all,56286961
363,1,2022-01-05,True,56286961,0,all,56286961
795,2,2022-01-05,True,53262353,0,all,56286961
1220,2_wait,2022-01-06,True,53162249,0,all,56286961
364,1,2022-01-06,True,56286961,0,all,56286961
796,2,2022-01-06,True,53262353,0,all,56286961
797,2,2022-01-07,True,53262353,0,all,56286961
1221,2_wait,2022-01-07,True,53162249,0,all,56286961
365,1,2022-01-07,True,56286961,0,all,56286961
366,1,2022-01-08,True,56286961,0,all,56286961
798,2,2022-01-08,True,53262353,0,all,56286961
1222,2_wait,2022-01-08,True,53162249,0,all,56286961
799,2,2022-01-09,True,53356222,0,all,56286961
367,1,2022-01-09,True,56286961,0,all,56286961
1223,2_wait,2022-01-09,True,53196272,0,all,56286961
368,1,2022-01-10,True,56286961,0,all,56286961
800,2,2022-01-10,True,53427338,0,all,56286961
1224,2_wait,2022-01-10,True,53239143,0,all,56286961
1225,2_wait,2022-01-11,True,53262353,0,all,56286961
369,1,2022-01-11,True,56286961,0,all,56286961
801,2,2022-01-11,True,53439065,0,all,56286961
370,1,2022-01-12,True,56286961,0,all,56286961
802,2,2022-01-12,True,53439065,0,all,56286961
1226,2_wait,2022-01-12,True,53262353,0,all,56286961
1227,2_wait,2022-01-13,True,53262353,0,all,56286961
371,1,2022-01-13,True,56286961,0,all,56286961
803,2,2022-01-13,True,53439065,0,all,56286961
1228,2_wait,2022-01-14,True,53262353,0,all,56286961
372,1,2022-01-14,True,56286961,0,all,56286961
804,2,2022-01-14,True,53439065,0,all,56286961
373,1,2022-01-15,True,56286961,0,all,56286961
805,2,2022-01-15,True,53439065,0,all,56286961
1229,2_wait,2022-01-15,True,53262353,0,all,56286961
374,1,2022-01-16,True,56286961,0,all,56286961
1230,2_wait,2022-01-16,True,53356222,0,all,56286961
806,2,2022-01-16,True,53575203,0,all,56286961
1231,2_wait,2022-01-17,True,53427338,0,all,56286961
807,2,2022-01-17,True,53678825,0,all,56286961
375,1,2022-01-17,True,56286961,0,all,56286961
1232,2_wait,2022-01-18,True,53439065,0,all,56286961
376,1,2022-01-18,True,56286961,0,all,56286961
808,2,2022-01-18,True,53689542,0,all,56286961
809,2,2022-01-19,True,53689542,0,all,56286961
1233,2_wait,2022-01-19,True,53439065,0,all,56286961
377,1,2022-01-19,True,56286961,0,all,56286961
810,2,2022-01-20,True,53689542,0,all,56286961
1234,2_wait,2022-01-20,True,53439065,0,all,56286961
378,1,2022-01-20,True,56286961,0,all,56286961
1235,2_wait,2022-01-21,True,53439065,0,all,56286961
379,1,2022-01-21,True,56286961,0,all,56286961
811,2,2022-01-21,True,53689542,0,all,56286961
812,2,2022-01-22,True,53706816,0,all,56286961
1236,2_wait,2022-01-22,True,53439065,0,all,56286961
380,1,2022-01-22,True,56286961,0,all,56286961
1237,2_wait,2022-01-23,True,53575203,0,all,56286961
813,2,2022-01-23,True,53916213,0,all,56286961
381,1,2022-01-23,True,56286961,0,all,56286961
382,1,2022-01-24,True,56286961,0,all,56286961
814,2,2022-01-24,True,54084512,0,all,56286961
1238,2_wait,2022-01-24,True,53678825,0,all,56286961
815,2,2022-01-25,True,54122997,0,all,56286961
383,1,2022-01-25,True,56286961,0,all,56286961
1239,2_wait,2022-01-25,True,53689542,0,all,56286961
816,2,2022-01-26,True,54122997,0,all,56286961
384,1,2022-01-26,True,56286961,0,all,56286961
1240,2_wait,2022-01-26,True,53689542,0,all,56286961
817,2,2022-01-27,True,54122997,0,all,56286961
1241,2_wait,2022-01-27,True,53689542,0,all,56286961
385,1,2022-01-27,True,56286961,0,all,56286961
386,1,2022-01-28,True,56286961,0,all,56286961
818,2,2022-01-28,True,54122997,0,all,56286961
1242,2_wait,2022-01-28,True,53689542,0,all,56286961
387,1,2022-01-29,True,56286961,0,all,56286961
1243,2_wait,2022-01-29,True,53706816,0,all,56286961
819,2,2022-01-29,True,54122997,0,all,56286961
388,1,2022-01-30,True,56286961,0,all,56286961
820,2,2022-01-30,True,54284825,0,all,56286961
1244,2_wait,2022-01-30,True,53916213,0,all,56286961
1245,2_wait,2022-01-31,True,54084512,0,all,56286961
389,1,2022-01-31,True,56286961,0,all,56286961
821,2,2022-01-31,True,54447628,0,all,56286961
1246,2_wait,2022-02-01,True,54122997,0,all,56286961
822,2,2022-02-01,True,54589695,0,all,56286961
390,1,2022-02-01,True,56286961,0,all,56286961
1247,2_wait,2022-02-02,True,54122997,0,all,56286961
391,1,2022-02-02,True,56286961,0,all,56286961
823,2,2022-02-02,True,54682078,0,all,56286961
1248,2_wait,2022-02-03,True,54122997,0,all,56286961
392,1,2022-02-03,True,56286961,0,all,56286961
824,2,2022-02-03,True,54685073,0,all,56286961
393,1,2022-02-04,True,56286961,0,all,56286961
825,2,2022-02-04,True,54685073,0,all,56286961
1249,2_wait,2022-02-04,True,54122997,0,all,56286961
394,1,2022-02-05,True,56286961,0,all,56286961
826,2,2022-02-05,True,54685073,0,all,56286961
1250,2_wait,2022-02-05,True,54122997,0,all,56286961
395,1,2022-02-06,True,56286961,0,all,56286961
827,2,2022-02-06,True,54868348,0,all,56286961
1251,2_wait,2022-02-06,True,54284825,0,all,56286961
396,1,2022-02-07,True,56286961,0,all,56286961
828,2,2022-02-07,True,55007996,0,all,56286961
1252,2_wait,2022-02-07,True,54447628,0,all,56286961
397,1,2022-02-08,True,56286961,0,all,56286961
1253,2_wait,2022-02-08,True,54589695,0,all,56286961
829,2,2022-02-08,True,55150252,0,all,56286961
830,2,2022-02-09,True,55266914,0,all,56286961
398,1,2022-02-09,True,56286961,0,all,56286961
1254,2_wait,2022-02-09,True,54682078,0,all,56286961
399,1,2022-02-10,True,56286961,0,all,56286961
1255,2_wait,2022-02-10,True,54685073,0,all,56286961
831,2,2022-02-10,True,55378905,0,all,56286961
400,1,2022-02-11,True,56286961,0,all,56286961
832,2,2022-02-11,True,55389572,0,all,56286961
1256,2_wait,2022-02-11,True,54685073,0,all,56286961
1257,2_wait,2022-02-12,True,54685073,0,all,56286961
833,2,2022-02-12,True,55389572,0,all,56286961
401,1,2022-02-12,True,56286961,0,all,56286961
1258,2_wait,2022-02-13,True,54868348,0,all,56286961
834,2,2022-02-13,True,55489937,0,all,56286961
402,1,2022-02-13,True,56286961,0,all,56286961
403,1,2022-02-14,True,56286961,0,all,56286961
835,2,2022-02-14,True,55489937,0,all,56286961
1259,2_wait,2022-02-14,True,55007996,0,all,56286961
1260,2_wait,2022-02-15,True,55150252,0,all,56286961
404,1,2022-02-15,True,56286961,0,all,56286961
836,2,2022-02-15,True,55489937,0,all,56286961
837,2,2022-02-16,True,55489937,0,all,56286961
1261,2_wait,2022-02-16,True,55266914,0,all,56286961
405,1,2022-02-16,True,56286961,0,all,56286961
1262,2_wait,2022-02-17,True,55378905,0,all,56286961
406,1,2022-02-17,True,56286961,0,all,56286961
838,2,2022-02-17,True,55489937,0,all,56286961
1263,2_wait,2022-02-18,True,55389572,0,all,56286961
839,2,2022-02-18,True,55489937,0,all,56286961
407,1,2022-02-18,True,56286961,0,all,56286961
408,1,2022-02-19,True,56286961,0,all,56286961
1264,2_wait,2022-02-19,True,55389572,0,all,56286961
840,2,2022-02-19,True,55489937,0,all,56286961
409,1,2022-02-20,True,56286961,0,all,56286961
841,2,2022-02-20,True,55813321,0,all,56286961
1265,2_wait,2022-02-20,True,55489937,0,all,56286961
1266,2_wait,2022-02-21,True,55489937,0,all,56286961
410,1,2022-02-21,True,56286961,0,all,56286961
842,2,2022-02-21,True,55813321,0,all,56286961
1267,2_wait,2022-02-22,True,55489937,0,all,56286961
843,2,2022-02-22,True,55813321,0,all,56286961
411,1,2022-02-22,True,56286961,0,all,56286961
844,2,2022-02-23,True,55813321,0,all,56286961
412,1,2022-02-23,True,56286961,0,all,56286961
1268,2_wait,2022-02-23,True,55489937,0,all,56286961
413,1,2022-02-24,True,56286961,0,all,56286961
845,2,2022-02-24,True,55813321,0,all,56286961
1269,2_wait,2022-02-24,True,55489937,0,all,56286961
414,1,2022-02-25,True,56286961,0,all,56286961
1270,2_wait,2022-02-25,True,55489937,0,all,56286961
846,2,2022-02-25,True,55813321,0,all,56286961
847,2,2022-02-26,True,55813321,0,all,56286961
1271,2_wait,2022-02-26,True,55489937,0,all,56286961
415,1,2022-02-26,True,56286961,0,all,56286961
416,1,2022-02-27,True,56286961,0,all,56286961
848,2,2022-02-27,True,56120206,0,all,56286961
1272,2_wait,2022-02-27,True,55813321,0,all,56286961
849,2,2022-02-28,True,56120206,0,all,56286961
417,1,2022-02-28,True,56286961,0,all,56286961
1273,2_wait,2022-02-28,True,55813321,0,all,56286961
1274,2_wait,2022-03-01,True,55813321,0,all,56286961
418,1,2022-03-01,True,56286961,0,all,56286961
850,2,2022-03-01,True,56120206,0,all,56286961
851,2,2022-03-02,True,56120206,0,all,56286961
1275,2_wait,2022-03-02,True,55813321,0,all,56286961
419,1,2022-03-02,True,56286961,0,all,56286961
852,2,2022-03-03,True,56120206,0,all,56286961
1276,2_wait,2022-03-03,True,55813321,0,all,56286961
420,1,2022-03-03,True,56286961,0,all,56286961
853,2,2022-03-04,True,56120206,0,all,56286961
1277,2_wait,2022-03-04,True,55813321,0,all,56286961
421,1,2022-03-04,True,56286961,0,all,56286961
422,1,2022-03-05,True,56286961,0,all,56286961
1278,2_wait,2022-03-05,True,55813321,0,all,56286961
854,2,2022-03-05,True,56120206,0,all,56286961
1279,2_wait,2022-03-06,True,56120206,0,all,56286961
855,2,2022-03-06,True,56286961,0,all,56286961
423,1,2022-03-06,True,56286961,0,all,56286961
424,1,2022-03-07,True,56286961,0,all,56286961
856,2,2022-03-07,True,56286961,0,all,56286961
1280,2_wait,2022-03-07,True,56120206,0,all,56286961
1281,2_wait,2022-03-08,True,56120206,0,all,56286961
425,1,2022-03-08,True,56286961,0,all,56286961
857,2,2022-03-08,True,56286961,0,all,56286961
426,1,2022-03-09,True,56286961,0,all,56286961
858,2,2022-03-09,True,56286961,0,all,56286961
1282,2_wait,2022-03-09,True,56120206,0,all,56286961
427,1,2022-03-10,True,56286961,0,all,56286961
1283,2_wait,2022-03-10,True,56120206,0,all,56286961
859,2,2022-03-10,True,56286961,0,all,56286961
428,1,2022-03-11,True,56286961,0,all,56286961
860,2,2022-03-11,True,56286961,0,all,56286961
1284,2_wait,2022-03-11,True,56120206,0,all,56286961
861,2,2022-03-12,True,56286961,0,all,56286961
1285,2_wait,2022-03-12,True,56120206,0,all,56286961
429,1,2022-03-12,True,56286961,0,all,56286961
1286,2_wait,2022-03-13,True,56286961,0,all,56286961
430,1,2022-03-13,True,56286961,0,all,56286961
862,2,2022-03-13,True,56286961,0,all,56286961
863,2,2022-03-14,True,56286961,0,all,56286961
1287,2_wait,2022-03-14,True,56286961,0,all,56286961
431,1,2022-03-14,True,56286961,0,all,56286961
1288,2_wait,2022-03-15,True,56286961,0,all,56286961
1289,2_wait,2022-03-16,True,56286961,0,all,56286961
1290,2_wait,2022-03-17,True,56286961,0,all,56286961
1291,2_wait,2022-03-18,True,56286961,0,all,56286961
1292,2_wait,2022-03-19,True,56286961,0,all,56286961
1293,2_wait,2022-03-20,True,56286961,0,all,56286961
1294,2_wait,2022-03-21,True,56286961,0,all,56286961
